-- phpMyAdmin SQL Dump
-- version 5.2.1
-- https://www.phpmyadmin.net/
--
-- Servidor: 127.0.0.1
-- Tiempo de generación: 10-09-2024 a las 05:08:03
-- Versión del servidor: 10.4.32-MariaDB
-- Versión de PHP: 8.2.12

SET SQL_MODE = "NO_AUTO_VALUE_ON_ZERO";
START TRANSACTION;
SET time_zone = "+00:00";


/*!40101 SET @OLD_CHARACTER_SET_CLIENT=@@CHARACTER_SET_CLIENT */;
/*!40101 SET @OLD_CHARACTER_SET_RESULTS=@@CHARACTER_SET_RESULTS */;
/*!40101 SET @OLD_COLLATION_CONNECTION=@@COLLATION_CONNECTION */;
/*!40101 SET NAMES utf8mb4 */;

--
-- Base de datos: `sibi`
--

-- --------------------------------------------------------

--
-- Estructura de tabla para la tabla `articulos`
--

CREATE TABLE `articulos` (
  `id` bigint(20) NOT NULL,
  `nombre` varchar(255) CHARACTER SET utf8mb4 COLLATE utf8mb4_general_ci NOT NULL,
  `marca` varchar(255) CHARACTER SET utf8mb4 COLLATE utf8mb4_general_ci DEFAULT NULL,
  `modelo` varchar(80) CHARACTER SET utf8mb4 COLLATE utf8mb4_general_ci DEFAULT NULL,
  `serial` varchar(80) DEFAULT NULL,
  `cod_institucional` varchar(100) DEFAULT NULL,
  `descripcion` text CHARACTER SET utf8mb4 COLLATE utf8mb4_general_ci DEFAULT NULL,
  `fecha_adquisicion` date NOT NULL,
  `valor_unitario` decimal(10,2) NOT NULL,
  `categoria_id` bigint(20) DEFAULT NULL
) ENGINE=InnoDB DEFAULT CHARSET=utf16 COLLATE=utf16_general_ci;

--
-- Volcado de datos para la tabla `articulos`
--

INSERT INTO `articulos` (`id`, `nombre`, `marca`, `modelo`, `serial`, `cod_institucional`, `descripcion`, `fecha_adquisicion`, `valor_unitario`, `categoria_id`) VALUES
(1, 'Computadora', 'HP', NULL, NULL, NULL, 'Modelo Z200', '2024-01-10', 1500.00, 1),
(2, 'Silla de Oficina', 'ErgoChair', NULL, NULL, NULL, 'Silla ergonómica', '2024-02-15', 200.00, 2);

-- --------------------------------------------------------

--
-- Estructura de tabla para la tabla `asignaciones`
--

CREATE TABLE `asignaciones` (
  `id` bigint(20) NOT NULL,
  `articulo_id` bigint(20) DEFAULT NULL,
  `de_usuario_id` bigint(20) DEFAULT NULL,
  `a_usuario_id` bigint(20) DEFAULT NULL,
  `cantidad_otorgada` int(11) DEFAULT NULL,
  `asignado_en` timestamp NOT NULL DEFAULT current_timestamp()
) ENGINE=InnoDB DEFAULT CHARSET=utf8mb4 COLLATE=utf8mb4_general_ci;

--
-- Volcado de datos para la tabla `asignaciones`
--

INSERT INTO `asignaciones` (`id`, `articulo_id`, `de_usuario_id`, `a_usuario_id`, `cantidad_otorgada`, `asignado_en`) VALUES
(1, 1, 1, 2, 2, '2024-09-01 15:00:00'),
(2, 2, 2, 1, 1, '2024-09-01 16:00:00');

-- --------------------------------------------------------

--
-- Estructura de tabla para la tabla `categorias`
--

CREATE TABLE `categorias` (
  `id` bigint(20) NOT NULL,
  `nombre` varchar(255) NOT NULL
) ENGINE=InnoDB DEFAULT CHARSET=utf8mb4 COLLATE=utf8mb4_general_ci;

--
-- Volcado de datos para la tabla `categorias`
--

INSERT INTO `categorias` (`id`, `nombre`) VALUES
(1, 'Electrónica'),
(2, 'Mobiliario'),
(3, 'Papelería');

-- --------------------------------------------------------

--
-- Estructura de tabla para la tabla `estados`
--

CREATE TABLE `estados` (
  `id` bigint(20) NOT NULL,
  `nombre` varchar(255) NOT NULL
) ENGINE=InnoDB DEFAULT CHARSET=utf8mb4 COLLATE=utf8mb4_general_ci;

--
-- Volcado de datos para la tabla `estados`
--

INSERT INTO `estados` (`id`, `nombre`) VALUES
(1, 'BUENO'),
(2, 'REGULAR'),
(3, 'MAL'),
(4, 'DADO DE BAJA'),
(5, 'EXATRAVIADO');

-- --------------------------------------------------------

--
-- Estructura de tabla para la tabla `inventario_anual`
--

CREATE TABLE `inventario_anual` (
  `id` bigint(20) NOT NULL,
  `articulo_id` bigint(20) NOT NULL,
  `ubicacion_id` bigint(20) NOT NULL,
  `estado_id` bigint(20) NOT NULL,
  `procedencia_id` bigint(20) NOT NULL,
  `fecha` timestamp NOT NULL DEFAULT current_timestamp(),
  `stock_inicio` int(11) NOT NULL,
  `stock_final` int(11) DEFAULT NULL
) ENGINE=InnoDB DEFAULT CHARSET=utf8mb4 COLLATE=utf8mb4_general_ci;

--
-- Volcado de datos para la tabla `inventario_anual`
--

INSERT INTO `inventario_anual` (`id`, `articulo_id`, `ubicacion_id`, `estado_id`, `procedencia_id`, `fecha`, `stock_inicio`, `stock_final`) VALUES
(1, 1, 1, 1, 1, '2024-09-01 05:00:00', 10, 8),
(2, 2, 2, 2, 2, '2024-09-01 05:00:00', 5, 5);

-- --------------------------------------------------------

--
-- Estructura de tabla para la tabla `movimientos`
--

CREATE TABLE `movimientos` (
  `id` bigint(20) NOT NULL,
  `articulo_id` bigint(20) NOT NULL,
  `tipo` enum('entrada','salida') NOT NULL,
  `cantidad` int(11) NOT NULL,
  `fecha` datetime NOT NULL
) ENGINE=InnoDB DEFAULT CHARSET=utf8mb4 COLLATE=utf8mb4_general_ci;

-- --------------------------------------------------------

--
-- Estructura de tabla para la tabla `perfiles`
--

CREATE TABLE `perfiles` (
  `id` bigint(20) NOT NULL,
  `nombre` varchar(255) NOT NULL
) ENGINE=InnoDB DEFAULT CHARSET=utf8mb4 COLLATE=utf8mb4_general_ci;

--
-- Volcado de datos para la tabla `perfiles`
--

INSERT INTO `perfiles` (`id`, `nombre`) VALUES
(1, 'Administrador'),
(2, 'Usuario');

-- --------------------------------------------------------

--
-- Estructura de tabla para la tabla `procedencias`
--

CREATE TABLE `procedencias` (
  `id` bigint(20) NOT NULL,
  `nombre` varchar(255) NOT NULL,
  `nit_o_cc` varchar(60) DEFAULT NULL,
  `direccion` varchar(60) DEFAULT NULL,
  `telefono` varchar(60) DEFAULT NULL,
  `representante` varchar(60) DEFAULT NULL,
  `correo` varchar(50) DEFAULT NULL
) ENGINE=InnoDB DEFAULT CHARSET=utf8mb4 COLLATE=utf8mb4_general_ci;

--
-- Volcado de datos para la tabla `procedencias`
--

INSERT INTO `procedencias` (`id`, `nombre`, `nit_o_cc`, `direccion`, `telefono`, `representante`, `correo`) VALUES
(1, 'Universidad UFPSO', '121414714-5', 'Vía Universidad Francisco de Paula Santander', '32215154445', 'GERMAN ALONSO OSORIO ALVAREZ', 'german.osorio@ufpso.edu.co'),
(2, 'Universidad Nacional', '221546789-3', 'Carrera 45 #26-85, Bogotá', '3106541234', 'JUAN PEREZ GOMEZ', 'juan.perez@unal.edu.co'),
(3, 'Universidad de los Andes', '331547891-4', 'Carrera 1 #18A-12, Bogotá', '3201234567', 'MARTA LOPEZ GARCIA', 'marvin.lopez@uniandes.edu.co'),
(4, 'Universidad Javeriana', '451265987-2', 'Carrera 7 #40-62, Bogotá', '3119876543', 'CARLOS RAMIREZ TORRES', 'carlos.ramirez@javeriana.edu.co'),
(5, 'Universidad del Rosario', '512487963-9', 'Calle 12C #6-25, Bogotá', '3007654321', 'ANA MARIA RODRIGUEZ', 'ana.rodriguez@urosario.edu.co'),
(6, 'Universidad del Norte', '614798563-1', 'Km 5 Vía Puerto Colombia, Barranquilla', '3119871234', 'PEDRO GUTIERREZ PEREZ', 'pedro.gutierrez@uninorte.edu.co'),
(7, 'Universidad Pontificia Bolivariana', '745698745-6', 'Circular 1 #70-01, Medellín', '3017894561', 'LUCIA MORALES DIAZ', 'lucia.morales@upb.edu.co'),
(9, 'Universidad Industrial de Santander', '951236478-4', 'Carrera 27 Calle 9, Bucaramanga', '3156789543', 'PABLO CASTRO RIVERA', 'pablo.castro@uis.edu.co'),
(10, 'Universidad del Valle', '103216547-9', 'Calle 13 #100-00, Cali', '3224567890', 'DIANA RUIZ MARTINEZ', 'diana.ruiz@univalle.edu.co'),
(11, 'MARVIN', '452354345-3', 'kdx 286-300 av circunvalar', '3132311084', 'marivn', 'admin@aetghae.cpm');

-- --------------------------------------------------------

--
-- Estructura de tabla para la tabla `sedes`
--

CREATE TABLE `sedes` (
  `id` bigint(20) NOT NULL,
  `nombre` varchar(255) NOT NULL
) ENGINE=InnoDB DEFAULT CHARSET=utf8mb4 COLLATE=utf8mb4_general_ci;

--
-- Volcado de datos para la tabla `sedes`
--

INSERT INTO `sedes` (`id`, `nombre`) VALUES
(1, 'Sede Cristo Rey'),
(2, 'Sede Marabel'),
(3, 'Sede El Carmen'),
(4, 'Sede La Primavera');

-- --------------------------------------------------------

--
-- Estructura de tabla para la tabla `traslados`
--

CREATE TABLE `traslados` (
  `id` bigint(20) NOT NULL,
  `articulo_id` bigint(20) DEFAULT NULL,
  `de_ubicacion_id` bigint(20) DEFAULT NULL,
  `a_ubicacion_id` bigint(20) DEFAULT NULL,
  `trasladado_por` bigint(20) DEFAULT NULL,
  `trasladado_en` timestamp NOT NULL DEFAULT current_timestamp()
) ENGINE=InnoDB DEFAULT CHARSET=utf8mb4 COLLATE=utf8mb4_general_ci;

--
-- Volcado de datos para la tabla `traslados`
--

INSERT INTO `traslados` (`id`, `articulo_id`, `de_ubicacion_id`, `a_ubicacion_id`, `trasladado_por`, `trasladado_en`) VALUES
(1, 1, 1, 2, 1, '2024-09-02 14:00:00'),
(2, 2, 2, 1, 2, '2024-09-02 15:00:00');

-- --------------------------------------------------------

--
-- Estructura de tabla para la tabla `ubicaciones`
--

CREATE TABLE `ubicaciones` (
  `id` bigint(20) NOT NULL,
  `nombre` varchar(255) NOT NULL,
  `sede_id` bigint(20) DEFAULT NULL
) ENGINE=InnoDB DEFAULT CHARSET=utf8mb4 COLLATE=utf8mb4_general_ci;

--
-- Volcado de datos para la tabla `ubicaciones`
--

INSERT INTO `ubicaciones` (`id`, `nombre`, `sede_id`) VALUES
(1, 'Salon 101', 1),
(2, 'Salon 102', 1),
(3, 'Laboratorio de Fisica', 1),
(4, 'Salon 201', 2),
(5, 'Salon 202', 2),
(6, 'Taller de Ebanisteria', 2),
(7, 'Salon 301', 3),
(8, 'Salon 302', 3),
(9, 'Laboratorio de Electronica', 3),
(10, 'Salon 401', 4),
(11, 'Salon 402', 4),
(12, 'Laboratorio de Sistemas', 4);

-- --------------------------------------------------------

--
-- Estructura de tabla para la tabla `usuarios`
--

CREATE TABLE `usuarios` (
  `id` bigint(20) NOT NULL,
  `nombres` varchar(100) NOT NULL,
  `apellidos` varchar(100) NOT NULL,
  `identificacion` varchar(100) NOT NULL,
  `telefono` varchar(20) NOT NULL,
  `direccion` varchar(20) NOT NULL,
  `correo` varchar(255) NOT NULL,
  `contrasena` varchar(255) NOT NULL,
  `perfil_id` bigint(20) DEFAULT NULL
) ENGINE=InnoDB DEFAULT CHARSET=utf8mb4 COLLATE=utf8mb4_general_ci;

--
-- Volcado de datos para la tabla `usuarios`
--

INSERT INTO `usuarios` (`id`, `nombres`, `apellidos`, `identificacion`, `telefono`, `direccion`, `correo`, `contrasena`, `perfil_id`) VALUES
(1, 'Juan', 'Pérez', '12345678', '555-1234', 'Calle 123', 'admin@admin.com', '$2y$10$xdHFXhYoOaUbqjip72qvj.3489G7unuXyD7gHL/XTwcUsDTFyMj6G', 1),
(2, 'Ana', 'Gómez', '87654321', '555-5678', 'Avenida 456', 'ana@example.com', 'password_hash', 1);

--
-- Índices para tablas volcadas
--

--
-- Indices de la tabla `articulos`
--
ALTER TABLE `articulos`
  ADD PRIMARY KEY (`id`),
  ADD UNIQUE KEY `cod_institucional` (`cod_institucional`),
  ADD KEY `categoria_id` (`categoria_id`);

--
-- Indices de la tabla `asignaciones`
--
ALTER TABLE `asignaciones`
  ADD PRIMARY KEY (`id`),
  ADD KEY `articulo_id` (`articulo_id`),
  ADD KEY `de_usuario_id` (`de_usuario_id`),
  ADD KEY `a_usuario_id` (`a_usuario_id`);

--
-- Indices de la tabla `categorias`
--
ALTER TABLE `categorias`
  ADD PRIMARY KEY (`id`);

--
-- Indices de la tabla `estados`
--
ALTER TABLE `estados`
  ADD PRIMARY KEY (`id`);

--
-- Indices de la tabla `inventario_anual`
--
ALTER TABLE `inventario_anual`
  ADD PRIMARY KEY (`id`),
  ADD KEY `articulo_id` (`articulo_id`),
  ADD KEY `procedencia_id` (`procedencia_id`),
  ADD KEY `estado_id` (`estado_id`),
  ADD KEY `ubicacion_id` (`ubicacion_id`);

--
-- Indices de la tabla `movimientos`
--
ALTER TABLE `movimientos`
  ADD PRIMARY KEY (`id`),
  ADD KEY `articulo_id` (`articulo_id`);

--
-- Indices de la tabla `perfiles`
--
ALTER TABLE `perfiles`
  ADD PRIMARY KEY (`id`);

--
-- Indices de la tabla `procedencias`
--
ALTER TABLE `procedencias`
  ADD PRIMARY KEY (`id`);

--
-- Indices de la tabla `sedes`
--
ALTER TABLE `sedes`
  ADD PRIMARY KEY (`id`);

--
-- Indices de la tabla `traslados`
--
ALTER TABLE `traslados`
  ADD PRIMARY KEY (`id`),
  ADD KEY `articulo_id` (`articulo_id`),
  ADD KEY `de_ubicacion_id` (`de_ubicacion_id`),
  ADD KEY `a_ubicacion_id` (`a_ubicacion_id`),
  ADD KEY `trasladado_por` (`trasladado_por`);

--
-- Indices de la tabla `ubicaciones`
--
ALTER TABLE `ubicaciones`
  ADD PRIMARY KEY (`id`),
  ADD KEY `sede_id` (`sede_id`);

--
-- Indices de la tabla `usuarios`
--
ALTER TABLE `usuarios`
  ADD PRIMARY KEY (`id`),
  ADD UNIQUE KEY `identificacion` (`identificacion`),
  ADD UNIQUE KEY `correo` (`correo`),
  ADD KEY `perfil_id` (`perfil_id`);

--
-- AUTO_INCREMENT de las tablas volcadas
--

--
-- AUTO_INCREMENT de la tabla `articulos`
--
ALTER TABLE `articulos`
  MODIFY `id` bigint(20) NOT NULL AUTO_INCREMENT, AUTO_INCREMENT=3;

--
-- AUTO_INCREMENT de la tabla `asignaciones`
--
ALTER TABLE `asignaciones`
  MODIFY `id` bigint(20) NOT NULL AUTO_INCREMENT, AUTO_INCREMENT=3;

--
-- AUTO_INCREMENT de la tabla `categorias`
--
ALTER TABLE `categorias`
  MODIFY `id` bigint(20) NOT NULL AUTO_INCREMENT, AUTO_INCREMENT=4;

--
-- AUTO_INCREMENT de la tabla `estados`
--
ALTER TABLE `estados`
  MODIFY `id` bigint(20) NOT NULL AUTO_INCREMENT, AUTO_INCREMENT=6;

--
-- AUTO_INCREMENT de la tabla `inventario_anual`
--
ALTER TABLE `inventario_anual`
  MODIFY `id` bigint(20) NOT NULL AUTO_INCREMENT, AUTO_INCREMENT=3;

--
-- AUTO_INCREMENT de la tabla `movimientos`
--
ALTER TABLE `movimientos`
  MODIFY `id` bigint(20) NOT NULL AUTO_INCREMENT, AUTO_INCREMENT=3;

--
-- AUTO_INCREMENT de la tabla `perfiles`
--
ALTER TABLE `perfiles`
  MODIFY `id` bigint(20) NOT NULL AUTO_INCREMENT, AUTO_INCREMENT=3;

--
-- AUTO_INCREMENT de la tabla `procedencias`
--
ALTER TABLE `procedencias`
  MODIFY `id` bigint(20) NOT NULL AUTO_INCREMENT, AUTO_INCREMENT=12;

--
-- AUTO_INCREMENT de la tabla `sedes`
--
ALTER TABLE `sedes`
  MODIFY `id` bigint(20) NOT NULL AUTO_INCREMENT, AUTO_INCREMENT=5;

--
-- AUTO_INCREMENT de la tabla `traslados`
--
ALTER TABLE `traslados`
  MODIFY `id` bigint(20) NOT NULL AUTO_INCREMENT, AUTO_INCREMENT=3;

--
-- AUTO_INCREMENT de la tabla `ubicaciones`
--
ALTER TABLE `ubicaciones`
  MODIFY `id` bigint(20) NOT NULL AUTO_INCREMENT, AUTO_INCREMENT=13;

--
-- AUTO_INCREMENT de la tabla `usuarios`
--
ALTER TABLE `usuarios`
  MODIFY `id` bigint(20) NOT NULL AUTO_INCREMENT, AUTO_INCREMENT=4;

--
-- Restricciones para tablas volcadas
--

--
-- Filtros para la tabla `articulos`
--
ALTER TABLE `articulos`
  ADD CONSTRAINT `articulos_ibfk_1` FOREIGN KEY (`categoria_id`) REFERENCES `categorias` (`id`);

--
-- Filtros para la tabla `asignaciones`
--
ALTER TABLE `asignaciones`
  ADD CONSTRAINT `asignaciones_ibfk_1` FOREIGN KEY (`articulo_id`) REFERENCES `articulos` (`id`),
  ADD CONSTRAINT `asignaciones_ibfk_2` FOREIGN KEY (`de_usuario_id`) REFERENCES `usuarios` (`id`),
  ADD CONSTRAINT `asignaciones_ibfk_3` FOREIGN KEY (`a_usuario_id`) REFERENCES `usuarios` (`id`);

--
-- Filtros para la tabla `inventario_anual`
--
ALTER TABLE `inventario_anual`
  ADD CONSTRAINT `inventario_anual_ibfk_1` FOREIGN KEY (`ubicacion_id`) REFERENCES `ubicaciones` (`id`),
  ADD CONSTRAINT `inventario_anual_ibfk_2` FOREIGN KEY (`articulo_id`) REFERENCES `articulos` (`id`),
  ADD CONSTRAINT `inventario_anual_ibfk_3` FOREIGN KEY (`estado_id`) REFERENCES `estados` (`id`),
  ADD CONSTRAINT `inventario_anual_ibfk_4` FOREIGN KEY (`procedencia_id`) REFERENCES `procedencias` (`id`);

--
-- Filtros para la tabla `movimientos`
--
ALTER TABLE `movimientos`
  ADD CONSTRAINT `movimientos_ibfk_1` FOREIGN KEY (`articulo_id`) REFERENCES `articulos` (`id`);

--
-- Filtros para la tabla `traslados`
--
ALTER TABLE `traslados`
  ADD CONSTRAINT `traslados_ibfk_1` FOREIGN KEY (`articulo_id`) REFERENCES `articulos` (`id`),
  ADD CONSTRAINT `traslados_ibfk_2` FOREIGN KEY (`de_ubicacion_id`) REFERENCES `ubicaciones` (`id`),
  ADD CONSTRAINT `traslados_ibfk_3` FOREIGN KEY (`a_ubicacion_id`) REFERENCES `ubicaciones` (`id`),
  ADD CONSTRAINT `traslados_ibfk_4` FOREIGN KEY (`trasladado_por`) REFERENCES `usuarios` (`id`);

--
-- Filtros para la tabla `ubicaciones`
--
ALTER TABLE `ubicaciones`
  ADD CONSTRAINT `ubicaciones_ibfk_1` FOREIGN KEY (`sede_id`) REFERENCES `sedes` (`id`);

--
-- Filtros para la tabla `usuarios`
--
ALTER TABLE `usuarios`
  ADD CONSTRAINT `usuarios_ibfk_1` FOREIGN KEY (`perfil_id`) REFERENCES `perfiles` (`id`);
COMMIT;

/*!40101 SET CHARACTER_SET_CLIENT=@OLD_CHARACTER_SET_CLIENT */;
/*!40101 SET CHARACTER_SET_RESULTS=@OLD_CHARACTER_SET_RESULTS */;
/*!40101 SET COLLATION_CONNECTION=@OLD_COLLATION_CONNECTION */;
